"Quarter","Men","Women","Total"
"Mar-12",11.7,16.8,14.1
"Jun-12",11.9,17.8,14.7
"Sept-12",13.5,17.7,15.6
"Dec-12",12.4,17.3,14.7
"Mar-13",10.4,15.9,13
"Jun-13",10.6,16.2,13.3
"Sept-13",11.1,17.3,14.1
"Dec-13",11.1,17.1,14
"Mar-14",10.9,15.8,13.2
"Jun-14",10.5,16.4,13.3
"Sept-14",10.2,15.6,12.8
"Dec-14",10.5,16.4,13.3
"Mar-15",10.8,16.6,13.6
"Jun-15",10.6,16.9,13.6
"Sept-15",11.2,16.5,13.7
"Dec-15",10.1,15,12.5
"Mar-16",11.2,16.3,13.7
"Jun-16",10.5,15.9,13.1
"Sept-16",10,15.6,12.7
"Dec-16",9.7,15.4,12.4
"Mar-17",9.3,15.5,12.3
"Jun-17",9.5,14.7,12
"Sept-17",9.3,15.2,12.1
"Dec-17",9.4,15.3,12.2
"Mar-18",9.5,14.6,11.9
"Jun-18",9.9,14.5,12.1
"Sept-18",9.3,13.6,11.3
"Dec-18",10,14.6,12.2
"Mar-19",9,13.9,11.3
"Jun-19",9.2,13.2,11.1
"Sept-19",8.4,12.5,10.3
"Dec-19",8.4,12,10.1
"Mar-20",8.3,12.8,10.4
"Jun-20",9.4,15,12.1
"Sept-20",10.6,15.9,13.1
"Dec-20",9.7,14.4,11.9
"Mar-21",9.9,14.6,12.2
"Jun-21",8.3,13,10.5
"Sept-21",7.7,10.8,9.2
"Dec-21",7.4,11.2,9.3
"Mar-22",7.7,11.2,9.4
"Jun-22",7.5,11.2,9.3
"Sept-22",7.3,10.9,9
"Dec-22",7.6,11.5,9.4
"Mar-23",7.4,10.9,9.1
"Jun-23",8.2,11.9,10
"Sept-23",8.7,12.5,10.5
"Dec-23",8.7,13.1,10.8
"Mar-24",9.4,13.4,11.3
"Jun-24",10.1,13.8,11.9
"Sept-24",10.3,13.2,11.7
"Dec-24",10.7,13.9,12.2
"Mar-25",10.5,14.5,12.4
"Jun-25",11,14.7,12.8
"Sept-25",11.2,14.9,12.9
"Dec-25",11.1,14.8,12.9
"Mar-26",11.6,14.3,12.9